"c_prime","policy_par"
-0.4,0.428743239465768
-0.38,0.421678863950779
-0.36,0.41440391302615
-0.34,0.40692385147726
-0.32,0.399249169908226
-0.3,0.391390065489167
-0.28,0.383356720534487
-0.26,0.375162966376465
-0.24,0.366828156497375
-0.22,0.358386000833009
-0.18,0.341358125480875
-0.16,0.332855725779554
-0.14,0.324426852738657
-0.12,0.316117426292548
-0.1,0.307966582367687
-0.08,0.300004673293868
-0.06,0.292256980917821
-0.04,0.284744475564307
-0.02,0.277480061354151
0,0.270466392745194
